{"cameraMode":{"drawMode":0,"name":"Shaded","section":"Shading Mode"},"sceneLighting":true,"audioPlay":false,"sceneViewState":{"showFog":true,"showMaterialUpdate":false,"showSkybox":true,"showFlares":true,"showImageEffects":true,"showParticleSystems":true,"showVisualEffectGraphs":true,"m_FxEnabled":true},"in2DMode":false,"pivot":{"x":-1.2141435146331788,"y":3.00602388381958,"z":2.525010585784912},"rotation":{"x":0.09680858254432678,"y":0.35455986857414248,"z":-0.036959823220968249,"w":0.9292908310890198},"size":3.1736044883728029,"orthographic":false}