{"cameraMode":{"drawMode":0,"name":"Shaded","section":"Shading Mode"},"sceneLighting":true,"audioPlay":false,"sceneViewState":{"showFog":true,"showMaterialUpdate":false,"showSkybox":true,"showFlares":true,"showImageEffects":true,"showParticleSystems":true},"in2DMode":false,"pivot":{"x":-36.6177978515625,"y":118.977783203125,"z":-54.142578125},"rotation":{"x":-0.07484234869480133,"y":0.909376859664917,"z":-0.18700137734413148,"w":-0.3639541566371918},"size":341.4764709472656,"orthographic":false}